{"enemy":{"FlyingEye":{"animation_frame_delta":0.15000000596046448,"animation_magnification":1.0,"attack":10,"count":4,"hit_box_size":[100.0,120.0],"hurt_box_size":[150.0,40.0],"max_hp":100,"pos_revive":[[198.0,336.0],[215.0,339.0],[313.0,324.0],[421.0,323.0]]},"grass_plant":{"animation_frame_delta":0.10000000149011612,"animation_magnification":1.0,"count":6,"is_block":false,"pos":[[171.0,217.0],[335.0,222.0],[426.0,222.0],[592.0,225.0]]},"plant":{"animation_frame_delta":0.10000000149011612,"animation_magnification":1.0,"count":5,"is_block":false,"pos":[[250.0,220.0],[511.0,223.0]]}}}